{"cameraMode":{"drawMode":0,"name":"Shaded","section":"Shading Mode"},"sceneLighting":true,"audioPlay":false,"sceneViewState":{"showFog":true,"showMaterialUpdate":false,"showSkybox":true,"showFlares":true,"showImageEffects":true,"showParticleSystems":true},"in2DMode":false,"pivot":{"x":-82.61759185791016,"y":-5.849849224090576,"z":-8.757173538208008},"rotation":{"x":0.037320010364055637,"y":-0.7712780237197876,"z":0.04541734606027603,"w":0.6337782144546509},"size":76.8767318725586,"orthographic":false}